{
  "@context": "https://schema.org",
  "@type": "LocalBusiness",
  "name": "Spoilt N Pampered Pooches - [SERVICE] in [TOWN]",
  "alternateName": "[SERVICE] [TOWN] | Mobile Dog Grooming Essex",
  "description": "Professional mobile [SERVICE_LOWER] service in [TOWN], Essex. Solar-powered, eco-friendly pet care with 30+ years experience. Serving [POSTCODE] areas.",
  "image": "https://spoiltnpamperedpooches.co.uk/images/[SERVICE_SLUG]-[TOWN_SLUG].jpg",
  "logo": "https://spoiltnpamperedpooches.co.uk/images/logo.png",
  "url": "https://spoiltnpamperedpooches.co.uk/towns/[TOWN_SLUG]",
  "telephone": "+44-1234-567890",
  "email": "info@spoiltnpamperedpooches.co.uk",
  "address": {
    "@type": "PostalAddress",
    "addressLocality": "[TOWN]",
    "addressRegion": "Essex",
    "addressCountry": "GB",
    "postalCode": "[POSTCODE]"
  },
  "geo": {
    "@type": "GeoCoordinates",
    "latitude": "[LATITUDE]",
    "longitude": "[LONGITUDE]"
  },
  "areaServed": {
    "@type": "City",
    "name": "[TOWN]",
    "containedInPlace": {
      "@type": "AdministrativeArea",
      "name": "Essex",
      "containedInPlace": {
        "@type": "Country",
        "name": "United Kingdom"
      }
    }
  },
  "serviceArea": {
    "@type": "GeoCircle",
    "geoMidpoint": {
      "@type": "GeoCoordinates",
      "latitude": "[LATITUDE]",
      "longitude": "[LONGITUDE]"
    },
    "geoRadius": "15000"
  },
  "priceRange": "££",
  "currenciesAccepted": "GBP",
  "paymentAccepted": "Cash, Card, Bank Transfer",
  "hasOfferCatalog": {
    "@type": "OfferCatalog",
    "name": "[SERVICE] Services in [TOWN]",
    "itemListElement": [
      {
        "@type": "Offer",
        "itemOffered": {
          "@type": "Service",
          "name": "[SERVICE]",
          "description": "Professional mobile [SERVICE_LOWER] service",
          "provider": {
            "@type": "LocalBusiness",
            "name": "Spoilt N Pampered Pooches"
          },
          "areaServed": "[TOWN], Essex"
        },
        "price": "From £[PRICE]",
        "priceCurrency": "GBP"
      }
    ]
  },
  "openingHoursSpecification": [
    {
      "@type": "OpeningHoursSpecification",
      "dayOfWeek": [
        "Monday",
        "Tuesday",
        "Wednesday",
        "Thursday",
        "Friday"
      ],
      "opens": "08:00",
      "closes": "18:00"
    },
    {
      "@type": "OpeningHoursSpecification",
      "dayOfWeek": [
        "Saturday"
      ],
      "opens": "08:00",
      "closes": "16:00"
    }
  ],
  "aggregateRating": {
    "@type": "AggregateRating",
    "ratingValue": "4.8",
    "reviewCount": "127",
    "bestRating": "5",
    "worstRating": "1"
  },
  "review": [
    {
      "@type": "Review",
      "author": {
        "@type": "Person",
        "name": "Sarah Johnson"
      },
      "datePublished": "2024-01-15",
      "description": "Excellent [SERVICE_LOWER] service in [TOWN]. Professional, convenient, and my dog loves them!",
      "reviewRating": {
        "@type": "Rating",
        "ratingValue": "5",
        "bestRating": "5"
      }
    }
  ],
  "sameAs": [
    "https://www.facebook.com/spoiltnpamperedpooches",
    "https://www.instagram.com/spoiltnpamperedpooches",
    "https://twitter.com/spoiltpooches"
  ]
}