{
  "grooming": {
    "@context": "https://schema.org",
    "@type": "LocalBusiness",
    "additionalType": "PetGroomer",
    "hasOfferCatalog": {
      "@type": "OfferCatalog",
      "name": "Dog Grooming Services",
      "itemListElement": [
        {
          "@type": "Offer",
          "itemOffered": {
            "@type": "Service",
            "name": "Full Dog Grooming",
            "description": "Complete grooming service including wash, cut, dry, nail trim, and ear cleaning",
            "duration": "PT90M"
          },
          "price": "From £35",
          "priceCurrency": "GBP"
        },
        {
          "@type": "Offer",
          "itemOffered": {
            "@type": "Service",
            "name": "Breed-Specific Grooming",
            "description": "Professional styling according to breed standards",
            "duration": "PT120M"
          },
          "price": "From £45",
          "priceCurrency": "GBP"
        }
      ]
    }
  },
  "bathing": {
    "@context": "https://schema.org",
    "@type": "LocalBusiness",
    "additionalType": "PetGroomer",
    "hasOfferCatalog": {
      "@type": "OfferCatalog",
      "name": "Dog Bathing Services",
      "itemListElement": [
        {
          "@type": "Offer",
          "itemOffered": {
            "@type": "Service",
            "name": "Professional Dog Bath",
            "description": "Thorough bathing service with premium eco-friendly products",
            "duration": "PT60M"
          },
          "price": "From £25",
          "priceCurrency": "GBP"
        },
        {
          "@type": "Offer",
          "itemOffered": {
            "@type": "Service",
            "name": "Sensitive Skin Bath",
            "description": "Gentle bathing for dogs with allergies or sensitive skin",
            "duration": "PT60M"
          },
          "price": "From £30",
          "priceCurrency": "GBP"
        }
      ]
    }
  },
  "nail-trimming": {
    "@context": "https://schema.org",
    "@type": "LocalBusiness",
    "additionalType": "PetGroomer",
    "hasOfferCatalog": {
      "@type": "OfferCatalog",
      "name": "Dog Nail Trimming Services",
      "itemListElement": [
        {
          "@type": "Offer",
          "itemOffered": {
            "@type": "Service",
            "name": "Professional Nail Trimming",
            "description": "Safe nail clipping and filing service",
            "duration": "PT20M"
          },
          "price": "From £15",
          "priceCurrency": "GBP"
        },
        {
          "@type": "Offer",
          "itemOffered": {
            "@type": "Service",
            "name": "Nail Care Package",
            "description": "Nail trimming with paw massage and moisturising treatment",
            "duration": "PT30M"
          },
          "price": "From £20",
          "priceCurrency": "GBP"
        }
      ]
    }
  },
  "de-shedding": {
    "@context": "https://schema.org",
    "@type": "LocalBusiness",
    "additionalType": "PetGroomer",
    "hasOfferCatalog": {
      "@type": "OfferCatalog",
      "name": "Dog De-shedding Services",
      "itemListElement": [
        {
          "@type": "Offer",
          "itemOffered": {
            "@type": "Service",
            "name": "Professional De-shedding Treatment",
            "description": "Specialised treatment to reduce excessive shedding",
            "duration": "PT75M"
          },
          "price": "From £40",
          "priceCurrency": "GBP"
        },
        {
          "@type": "Offer",
          "itemOffered": {
            "@type": "Service",
            "name": "Seasonal Coat Management",
            "description": "Intensive de-shedding for seasonal coat changes",
            "duration": "PT90M"
          },
          "price": "From £50",
          "priceCurrency": "GBP"
        }
      ]
    }
  },
  "styling": {
    "@context": "https://schema.org",
    "@type": "LocalBusiness",
    "additionalType": "PetGroomer",
    "hasOfferCatalog": {
      "@type": "OfferCatalog",
      "name": "Dog Styling Services",
      "itemListElement": [
        {
          "@type": "Offer",
          "itemOffered": {
            "@type": "Service",
            "name": "Breed-Specific Styling",
            "description": "Professional styling according to breed standards",
            "duration": "PT120M"
          },
          "price": "From £50",
          "priceCurrency": "GBP"
        },
        {
          "@type": "Offer",
          "itemOffered": {
            "@type": "Service",
            "name": "Creative Dog Styling",
            "description": "Custom styling and creative cuts",
            "duration": "PT90M"
          },
          "price": "From £45",
          "priceCurrency": "GBP"
        }
      ]
    }
  },
  "puppy-grooming": {
    "@context": "https://schema.org",
    "@type": "LocalBusiness",
    "additionalType": "PetGroomer",
    "hasOfferCatalog": {
      "@type": "OfferCatalog",
      "name": "Puppy Grooming Services",
      "itemListElement": [
        {
          "@type": "Offer",
          "itemOffered": {
            "@type": "Service",
            "name": "First Puppy Groom",
            "description": "Gentle introduction to grooming for puppies",
            "duration": "PT45M"
          },
          "price": "From £25",
          "priceCurrency": "GBP"
        },
        {
          "@type": "Offer",
          "itemOffered": {
            "@type": "Service",
            "name": "Puppy Socialisation Grooming",
            "description": "Gradual grooming introduction with positive reinforcement",
            "duration": "PT60M"
          },
          "price": "From £30",
          "priceCurrency": "GBP"
        }
      ]
    }
  }
}