{
  "towns": {
    "chelmsford": {
      "name": "Chelmsford",
      "latitude": 51.7356,
      "longitude": 0.4685,
      "postcodes": ["CM1", "CM2", "CM3"],
      "description": "Essex county town with excellent transport links and green spaces"
    },
    "brentwood": {
      "name": "Brentwood",
      "latitude": 51.6218,
      "longitude": 0.3056,
      "postcodes": ["CM13", "CM14", "CM15"],
      "description": "Affluent Essex town known for luxury living and countryside access"
    },
    "romford": {
      "name": "Romford",
      "latitude": 51.5755,
      "longitude": 0.1801,
      "postcodes": ["RM1", "RM2", "RM3", "RM5", "RM7", "RM11"],
      "description": "Historic Essex market town with excellent transport connections"
    },
    "loughton": {
      "name": "Loughton",
      "latitude": 51.6417,
      "longitude": 0.0583,
      "postcodes": ["IG10"],
      "description": "Charming Essex town at the gateway to Epping Forest"
    },
    "harlow": {
      "name": "Harlow",
      "latitude": 51.7797,
      "longitude": 0.1016,
      "postcodes": ["CM17", "CM18", "CM19", "CM20"],
      "description": "Innovative Essex new town with modern planning and green spaces"
    },
    "rayleigh": {
      "name": "Rayleigh",
      "latitude": 51.5864,
      "longitude": 0.6042,
      "postcodes": ["SS6"],
      "description": "Historic Essex market town with strong community values"
    },
    "basildon": {
      "name": "Basildon",
      "latitude": 51.5723,
      "longitude": 0.4579,
      "postcodes": ["SS13", "SS14", "SS15", "SS16"],
      "description": "Modern Essex new town with family-friendly amenities"
    },
    "southend-on-sea": {
      "name": "Southend-on-Sea",
      "latitude": 51.5459,
      "longitude": 0.7077,
      "postcodes": ["SS0", "SS1", "SS2", "SS3", "SS9"],
      "description": "Vibrant Essex seaside city with beaches and coastal attractions"
    }
  },
  "services": {
    "grooming": {
      "name": "Dog Grooming",
      "slug": "grooming",
      "description": "Complete professional grooming service",
      "base_price": "35"
    },
    "bathing": {
      "name": "Dog Bathing",
      "slug": "bathing",
      "description": "Professional bathing with premium products",
      "base_price": "25"
    },
    "nail-trimming": {
      "name": "Dog Nail Trimming",
      "slug": "nail-trimming",
      "description": "Safe and professional nail care",
      "base_price": "15"
    },
    "de-shedding": {
      "name": "Dog De-shedding",
      "slug": "de-shedding",
      "description": "Specialised treatment to reduce shedding",
      "base_price": "40"
    },
    "styling": {
      "name": "Dog Styling",
      "slug": "styling",
      "description": "Expert breed-specific and creative styling",
      "base_price": "50"
    },
    "puppy-grooming": {
      "name": "Puppy Grooming",
      "slug": "puppy-grooming",
      "description": "Gentle grooming introduction for young dogs",
      "base_price": "25"
    }
  }
}